"journal-article-10.2307_41158504-ngram1.txt",""
"journal-article-10.2307_41157457-ngram1.txt",""
"journal-article-10.2307_41158387-ngram1.txt",""
"journal-article-10.2307_41158115-ngram1.txt",""
"journal-article-10.2307_41157367-ngram1.txt",""
"journal-article-10.2307_41158386-ngram1.txt",""
"journal-article-10.2307_41158262-ngram1.txt",""
"journal-article-10.2307_41157435-ngram1.txt",""
"journal-article-10.2307_41158442-ngram1.txt",""
"journal-article-10.2307_41157949-ngram1.txt",""
"journal-article-10.2307_23509451-ngram1.txt",""
"journal-article-10.2307_43485893-ngram1.txt",""
"journal-article-10.2307_23317679-ngram1.txt",""
"journal-article-10.2307_41158163-ngram1.txt",""
"journal-article-10.2307_43486811-ngram1.txt",""
"journal-article-10.2307_41158231-ngram1.txt",""
"journal-article-10.2307_23317711-ngram1.txt",""
"journal-article-10.2307_41157822-ngram1.txt",""
"journal-article-10.2307_41157948-ngram1.txt",""
"journal-article-10.2307_41158382-ngram1.txt",""
"journal-article-10.2307_41157785-ngram1.txt",""
"journal-article-10.2307_41157369-ngram1.txt",""
"journal-article-10.2307_41158071-ngram1.txt",""
"journal-article-10.2307_41157773-ngram1.txt",""
"journal-article-10.2307_41157621-ngram1.txt",""
"journal-article-10.2307_41158313-ngram1.txt",""
"journal-article-10.2307_41158391-ngram1.txt",""
"journal-article-10.2307_41157270-ngram1.txt",""
"journal-article-10.2307_41157368-ngram1.txt",""
"journal-article-10.2307_41157892-ngram1.txt",""
"journal-article-10.2307_41157431-ngram1.txt",""
"journal-article-10.2307_41157695-ngram1.txt",""
"journal-article-10.2307_41157993-ngram1.txt",""
"journal-article-10.2307_41157943-ngram1.txt",""
"journal-article-10.2307_23509546-ngram1.txt",""
"journal-article-10.2307_41158214-ngram1.txt",""
"journal-article-10.2307_41157947-ngram1.txt",""
"journal-article-10.2307_41157437-ngram1.txt",""
"journal-article-10.2307_41158393-ngram1.txt",""
"journal-article-10.2307_41158392-ngram1.txt",""
"journal-article-10.2307_41158074-ngram1.txt",""
"journal-article-10.2307_41158116-ngram1.txt",""
"journal-article-10.2307_41157345-ngram1.txt",""
"journal-article-10.2307_41158390-ngram1.txt",""
"journal-article-10.2307_41157665-ngram1.txt",""
"journal-article-10.2307_41157702-ngram1.txt",""
"journal-article-10.2307_41158720-ngram1.txt",""
"journal-article-10.2307_41157631-ngram1.txt",""
"journal-article-10.2307_41157931-ngram1.txt",""
"journal-article-10.2307_23317702-ngram1.txt",""
"journal-article-10.2307_41157837-ngram1.txt",""
"journal-article-10.2307_41158114-ngram1.txt",""
"journal-article-10.2307_41158096-ngram1.txt",""
"journal-article-10.2307_41158389-ngram1.txt",""
"journal-article-10.2307_41157956-ngram1.txt",""
"journal-article-10.2307_41157792-ngram1.txt",""
"journal-article-10.2307_41158260-ngram1.txt",""
"journal-article-10.2307_23509427-ngram1.txt",""
"journal-article-10.2307_41157269-ngram1.txt",""
"journal-article-10.2307_41158427-ngram1.txt",""
"journal-article-10.2307_41157643-ngram1.txt",""
"journal-article-10.2307_41157894-ngram1.txt",""
"journal-article-10.2307_41158450-ngram1.txt",""
"journal-article-10.2307_43486809-ngram1.txt",""
"journal-article-10.2307_41157476-ngram1.txt",""
"journal-article-10.2307_41158508-ngram1.txt",""
"journal-article-10.2307_41158388-ngram1.txt",""
"journal-article-10.2307_41158446-ngram1.txt",""
"journal-article-10.2307_23317700-ngram1.txt",""
"journal-article-10.2307_41157704-ngram1.txt",""
"journal-article-10.2307_41157664-ngram1.txt",""
"journal-article-10.2307_41157628-ngram1.txt",""
"journal-article-10.2307_41158182-ngram1.txt",""
"journal-article-10.2307_43485845-ngram1.txt",""
"journal-article-10.2307_41157700-ngram1.txt",""
"journal-article-10.2307_41158465-ngram1.txt",""
"journal-article-10.2307_41157436-ngram1.txt",""
"journal-article-10.2307_41157602-ngram1.txt",""
"journal-article-10.2307_41157663-ngram1.txt",""
"journal-article-10.2307_41157439-ngram1.txt",""
"journal-article-10.2307_41158119-ngram1.txt",""
"journal-article-10.2307_23317678-ngram1.txt",""
"journal-article-10.2307_41157937-ngram1.txt",""
"journal-article-10.2307_41157434-ngram1.txt",""
"journal-article-10.2307_41158494-ngram1.txt",""
"journal-article-10.2307_41157775-ngram1.txt",""
"journal-article-10.2307_41157562-ngram1.txt",""
"journal-article-10.2307_41158723-ngram1.txt",""
"journal-article-10.2307_41158452-ngram1.txt",""
"journal-article-10.2307_41158183-ngram1.txt",""
"journal-article-10.2307_41158239-ngram1.txt",""
"journal-article-10.2307_41157247-ngram1.txt",""
"journal-article-10.2307_41158073-ngram1.txt",""
"journal-article-10.2307_41157701-ngram1.txt",""
"journal-article-10.2307_41158117-ngram1.txt",""
"journal-article-10.2307_41158449-ngram1.txt",""
"journal-article-10.2307_41158072-ngram1.txt",""
"journal-article-10.2307_43485840-ngram1.txt",""
"journal-article-10.2307_41157969-ngram1.txt",""
"journal-article-10.2307_43486795-ngram1.txt",""
"journal-article-10.2307_41157566-ngram1.txt",""
"journal-article-10.2307_41158217-ngram1.txt",""
"journal-article-10.2307_23317637-ngram1.txt",""
"journal-article-10.2307_41157438-ngram1.txt",""
"journal-article-10.2307_41157869-ngram1.txt",""
"journal-article-10.2307_44071882-ngram1.txt",""
"journal-article-10.2307_43486807-ngram1.txt",""
"journal-article-10.2307_41157644-ngram1.txt",""
"journal-article-10.2307_41157971-ngram1.txt",""
"journal-article-10.2307_41158497-ngram1.txt",""
"journal-article-10.2307_23509429-ngram1.txt",""
"journal-article-10.2307_41157793-ngram1.txt",""
"journal-article-10.2307_41157373-ngram1.txt",""
"journal-article-10.2307_41157872-ngram1.txt",""
"journal-article-10.2307_44071849-ngram1.txt",""
"journal-article-10.2307_41158480-ngram1.txt",""
"journal-article-10.2307_44071883-ngram1.txt",""
"journal-article-10.2307_23509428-ngram1.txt",""
"journal-article-10.2307_41158171-ngram1.txt",""
"journal-article-10.2307_41157461-ngram1.txt",""
"journal-article-10.2307_41157889-ngram1.txt",""
"journal-article-10.2307_41158091-ngram1.txt",""
"journal-article-10.2307_41157607-ngram1.txt",""
"journal-article-10.2307_41157646-ngram1.txt",""
"journal-article-10.2307_41158200-ngram1.txt",""
"journal-article-10.2307_41158285-ngram1.txt",""
"journal-article-10.2307_41157748-ngram1.txt",""
"journal-article-10.2307_41157825-ngram1.txt",""
"journal-article-10.2307_41158303-ngram1.txt",""
"journal-article-10.2307_41158339-ngram1.txt",""
"journal-article-10.2307_41157684-ngram1.txt",""
"journal-article-10.2307_44071850-ngram1.txt",""
"journal-article-10.2307_41157560-ngram1.txt",""
"journal-article-10.2307_41158448-ngram1.txt",""
"journal-article-10.2307_41158428-ngram1.txt",""
"journal-article-10.2307_41157564-ngram1.txt",""
"journal-article-10.2307_41157668-ngram1.txt",""
"journal-article-10.2307_41158095-ngram1.txt",""
"journal-article-10.2307_41158483-ngram1.txt",""
"journal-article-10.2307_41158137-ngram1.txt",""
"journal-article-10.2307_41157606-ngram1.txt",""
"journal-article-10.2307_41157874-ngram1.txt",""
"journal-article-10.2307_41157968-ngram1.txt",""
"journal-article-10.2307_41157458-ngram1.txt",""
"journal-article-10.2307_41157604-ngram1.txt",""
"journal-article-10.2307_41157649-ngram1.txt",""
"journal-article-10.2307_43485877-ngram1.txt",""
"journal-article-10.2307_43486810-ngram1.txt",""
"journal-article-10.2307_43485881-ngram1.txt",""
"journal-article-10.2307_23509447-ngram1.txt",""
"journal-article-10.2307_41158120-ngram1.txt",""
"journal-article-10.2307_41158312-ngram1.txt",""
"journal-article-10.2307_41157348-ngram1.txt",""
"journal-article-10.2307_41158317-ngram1.txt",""
"journal-article-10.2307_41158344-ngram1.txt",""
"journal-article-10.2307_41157354-ngram1.txt",""
"journal-article-10.2307_41157427-ngram1.txt",""
"journal-article-10.2307_41158118-ngram1.txt",""
"journal-article-10.2307_41158469-ngram1.txt",""
"journal-article-10.2307_41158398-ngram1.txt",""
"journal-article-10.2307_43485860-ngram1.txt",""
"journal-article-10.2307_23509461-ngram1.txt",""
"journal-article-10.2307_41158196-ngram1.txt",""
"journal-article-10.2307_41157399-ngram1.txt",""
"journal-article-10.2307_41158343-ngram1.txt",""
"journal-article-10.2307_43485901-ngram1.txt",""
"journal-article-10.2307_41157301-ngram1.txt",""
"journal-article-10.2307_43486797-ngram1.txt",""
"journal-article-10.2307_41158259-ngram1.txt",""
"journal-article-10.2307_43486805-ngram1.txt",""
"journal-article-10.2307_41157370-ngram1.txt",""
"journal-article-10.2307_41158359-ngram1.txt",""
"journal-article-10.2307_43485880-ngram1.txt",""
"journal-article-10.2307_41157774-ngram1.txt",""
"journal-article-10.2307_43485859-ngram1.txt",""
"journal-article-10.2307_43485920-ngram1.txt",""
"journal-article-10.2307_23509450-ngram1.txt",""
"journal-article-10.2307_41157771-ngram1.txt",""
"journal-article-10.2307_41158305-ngram1.txt",""
"journal-article-10.2307_43485846-ngram1.txt",""
"journal-article-10.2307_41157625-ngram1.txt",""
"journal-article-10.2307_41157708-ngram1.txt",""
"journal-article-10.2307_41157870-ngram1.txt",""
"journal-article-10.2307_41158070-ngram1.txt",""
"journal-article-10.2307_41158319-ngram1.txt",""
"journal-article-10.2307_41158413-ngram1.txt",""
"journal-article-10.2307_43485879-ngram1.txt",""
"journal-article-10.2307_43486799-ngram1.txt",""
"journal-article-10.2307_41158181-ngram1.txt",""
"journal-article-10.2307_23509446-ngram1.txt",""
"journal-article-10.2307_41158320-ngram1.txt",""
"journal-article-10.2307_41158466-ngram1.txt",""
"journal-article-10.2307_43486804-ngram1.txt",""
"journal-article-10.2307_41158356-ngram1.txt",""
"journal-article-10.2307_41158481-ngram1.txt",""
"journal-article-10.2307_41158184-ngram1.txt",""
"journal-article-10.2307_41158283-ngram1.txt",""
"journal-article-10.2307_41158451-ngram1.txt",""
"journal-article-10.2307_43486803-ngram1.txt",""
"journal-article-10.2307_41157561-ngram1.txt",""
"journal-article-10.2307_41157699-ngram1.txt",""
"journal-article-10.2307_41158372-ngram1.txt",""
"journal-article-10.2307_41158447-ngram1.txt",""
"journal-article-10.2307_43485899-ngram1.txt",""
"journal-article-10.2307_41157559-ngram1.txt",""
"journal-article-10.2307_41158162-ngram1.txt",""
"journal-article-10.2307_41158371-ngram1.txt",""
"journal-article-10.2307_23509443-ngram1.txt",""
"journal-article-10.2307_23509456-ngram1.txt",""
"journal-article-10.2307_41157685-ngram1.txt",""
"journal-article-10.2307_44071887-ngram1.txt",""
"journal-article-10.2307_23509548-ngram1.txt",""
"journal-article-10.2307_41157727-ngram1.txt",""
"journal-article-10.2307_41158484-ngram1.txt",""
"journal-article-10.2307_41157396-ngram1.txt",""
"journal-article-10.2307_41157757-ngram1.txt",""
"journal-article-10.2307_41158496-ngram1.txt",""
"journal-article-10.2307_41157265-ngram1.txt",""
"journal-article-10.2307_41157891-ngram1.txt",""
"journal-article-10.2307_41158092-ngram1.txt",""
"journal-article-10.2307_41158286-ngram1.txt",""
"journal-article-10.2307_43485919-ngram1.txt",""
"journal-article-10.2307_41158719-ngram1.txt",""
"journal-article-10.2307_43485841-ngram1.txt",""
"journal-article-10.2307_41157679-ngram1.txt",""
"journal-article-10.2307_41157930-ngram1.txt",""
"journal-article-10.2307_41158396-ngram1.txt",""
"journal-article-10.2307_41157450-ngram1.txt",""
"journal-article-10.2307_41158234-ngram1.txt",""
"journal-article-10.2307_23317683-ngram1.txt",""
"journal-article-10.2307_23509434-ngram1.txt",""
"journal-article-10.2307_41158412-ngram1.txt",""
"journal-article-10.2307_41157424-ngram1.txt",""
"journal-article-10.2307_41157922-ngram1.txt",""
"journal-article-10.2307_41158161-ngram1.txt",""
"journal-article-10.2307_41158724-ngram1.txt",""
"journal-article-10.2307_43486794-ngram1.txt",""
"journal-article-10.2307_41157299-ngram1.txt",""
"journal-article-10.2307_41157666-ngram1.txt",""
"journal-article-10.2307_41158468-ngram1.txt",""
"journal-article-10.2307_23317681-ngram1.txt",""
"journal-article-10.2307_41157547-ngram1.txt",""
"journal-article-10.2307_41158288-ngram1.txt",""
"journal-article-10.2307_43485882-ngram1.txt",""
"journal-article-10.2307_41158410-ngram1.txt",""
"journal-article-10.2307_44071852-ngram1.txt",""
"journal-article-10.2307_41157565-ngram1.txt",""
"journal-article-10.2307_41157795-ngram1.txt",""
"journal-article-10.2307_41158467-ngram1.txt",""
"journal-article-10.2307_43485857-ngram1.txt",""
"journal-article-10.2307_43485918-ngram1.txt",""
"journal-article-10.2307_41157402-ngram1.txt",""
"journal-article-10.2307_41157972-ngram1.txt",""
"journal-article-10.2307_41158169-ngram1.txt",""
"journal-article-10.2307_41158322-ngram1.txt",""
"journal-article-10.2307_41157970-ngram1.txt",""
"journal-article-10.2307_41157264-ngram1.txt",""
"journal-article-10.2307_41157398-ngram1.txt",""
"journal-article-10.2307_41157772-ngram1.txt",""
"journal-article-10.2307_41158263-ngram1.txt",""
"journal-article-10.2307_41158302-ngram1.txt",""
"journal-article-10.2307_41158358-ngram1.txt",""
"journal-article-10.2307_44071885-ngram1.txt",""
"journal-article-10.2307_23509545-ngram1.txt",""
"journal-article-10.2307_41157681-ngram1.txt",""
"journal-article-10.2307_41158485-ngram1.txt",""
"journal-article-10.2307_41158721-ngram1.txt",""
"journal-article-10.2307_41157456-ngram1.txt",""
"journal-article-10.2307_41157478-ngram1.txt",""
"journal-article-10.2307_41158426-ngram1.txt",""
"journal-article-10.2307_41158482-ngram1.txt",""
"journal-article-10.2307_41158727-ngram1.txt",""
"journal-article-10.2307_43485922-ngram1.txt",""
"journal-article-10.2307_41157440-ngram1.txt",""
"journal-article-10.2307_41158507-ngram1.txt",""
"journal-article-10.2307_41157770-ngram1.txt",""
"journal-article-10.2307_41157776-ngram1.txt",""
"journal-article-10.2307_41157950-ngram1.txt",""
"journal-article-10.2307_41158373-ngram1.txt",""
"journal-article-10.2307_43485839-ngram1.txt",""
"journal-article-10.2307_44071848-ngram1.txt",""
"journal-article-10.2307_41158304-ngram1.txt",""
"journal-article-10.2307_43485878-ngram1.txt",""
"journal-article-10.2307_41157237-ngram1.txt",""
"journal-article-10.2307_41157733-ngram1.txt",""
"journal-article-10.2307_43485861-ngram1.txt",""
"journal-article-10.2307_23317635-ngram1.txt",""
"journal-article-10.2307_23317682-ngram1.txt",""
"journal-article-10.2307_41157603-ngram1.txt",""
"journal-article-10.2307_43485843-ngram1.txt",""
"journal-article-10.2307_41157327-ngram1.txt",""
"journal-article-10.2307_41157338-ngram1.txt",""
"journal-article-10.2307_41157871-ngram1.txt",""
"journal-article-10.2307_23509436-ngram1.txt",""
"journal-article-10.2307_41157395-ngram1.txt",""
"journal-article-10.2307_41158297-ngram1.txt",""
"journal-article-10.2307_43485888-ngram1.txt",""
"journal-article-10.2307_23317650-ngram1.txt",""
"journal-article-10.2307_23509457-ngram1.txt",""
"journal-article-10.2307_41157267-ngram1.txt",""
"journal-article-10.2307_41157314-ngram1.txt",""
"journal-article-10.2307_41157332-ngram1.txt",""
"journal-article-10.2307_41157397-ngram1.txt",""
"journal-article-10.2307_41157422-ngram1.txt",""
"journal-article-10.2307_41157893-ngram1.txt",""
"journal-article-10.2307_41157929-ngram1.txt",""
"journal-article-10.2307_41158235-ngram1.txt",""
"journal-article-10.2307_41158289-ngram1.txt",""
"journal-article-10.2307_41158370-ngram1.txt",""
"journal-article-10.2307_23317680-ngram1.txt",""
"journal-article-10.2307_41157910-ngram1.txt",""
"journal-article-10.2307_41158512-ngram1.txt",""
"journal-article-10.2307_43485858-ngram1.txt",""
"journal-article-10.2307_43485898-ngram1.txt",""
"journal-article-10.2307_23509547-ngram1.txt",""
"journal-article-10.2307_41157928-ngram1.txt",""
"journal-article-10.2307_41158093-ngram1.txt",""
"journal-article-10.2307_41158479-ngram1.txt",""
"journal-article-10.2307_43485838-ngram1.txt",""
"journal-article-10.2307_43485862-ngram1.txt",""
"journal-article-10.2307_23509448-ngram1.txt",""
"journal-article-10.2307_41157633-ngram1.txt",""
"journal-article-10.2307_41157790-ngram1.txt",""
"journal-article-10.2307_41157912-ngram1.txt",""
"journal-article-10.2307_41158215-ngram1.txt",""
"journal-article-10.2307_41158425-ngram1.txt",""
"journal-article-10.2307_41157688-ngram1.txt",""
"journal-article-10.2307_41158236-ngram1.txt",""
"journal-article-10.2307_41158385-ngram1.txt",""
"journal-article-10.2307_41158411-ngram1.txt",""
"journal-article-10.2307_44071851-ngram1.txt",""
"journal-article-10.2307_44071884-ngram1.txt",""
"journal-article-10.2307_23317640-ngram1.txt",""
"journal-article-10.2307_41157340-ngram1.txt",""
"journal-article-10.2307_41157879-ngram1.txt",""
"journal-article-10.2307_43486798-ngram1.txt",""
"journal-article-10.2307_41157477-ngram1.txt",""
"journal-article-10.2307_41157532-ngram1.txt",""
"journal-article-10.2307_41157538-ngram1.txt",""
"journal-article-10.2307_41157731-ngram1.txt",""
"journal-article-10.2307_41158445-ngram1.txt",""
"journal-article-10.2307_43485844-ngram1.txt",""
"journal-article-10.2307_41157330-ngram1.txt",""
"journal-article-10.2307_41157470-ngram1.txt",""
"journal-article-10.2307_41158199-ngram1.txt",""
"journal-article-10.2307_43485897-ngram1.txt",""
"journal-article-10.2307_41157254-ngram1.txt",""
"journal-article-10.2307_41157329-ngram1.txt",""
"journal-article-10.2307_41158085-ngram1.txt",""
"journal-article-10.2307_41158718-ngram1.txt",""
"journal-article-10.2307_41157236-ngram1.txt",""
"journal-article-10.2307_41157362-ngram1.txt",""
"journal-article-10.2307_41157480-ngram1.txt",""
"journal-article-10.2307_41157823-ngram1.txt",""
"journal-article-10.2307_23317638-ngram1.txt",""
"journal-article-10.2307_23509460-ngram1.txt",""
"journal-article-10.2307_41157339-ngram1.txt",""
"journal-article-10.2307_41157351-ngram1.txt",""
"journal-article-10.2307_41157558-ngram1.txt",""
"journal-article-10.2307_41157791-ngram1.txt",""
"journal-article-10.2307_41158125-ngram1.txt",""
"journal-article-10.2307_41158238-ngram1.txt",""
"journal-article-10.2307_41158355-ngram1.txt",""
"journal-article-10.2307_41158509-ngram1.txt",""
"journal-article-10.2307_43486796-ngram1.txt",""
"journal-article-10.2307_41157408-ngram1.txt",""
"journal-article-10.2307_41157626-ngram1.txt",""
"journal-article-10.2307_41157951-ngram1.txt",""
"journal-article-10.2307_41157331-ngram1.txt",""
"journal-article-10.2307_41157372-ngram1.txt",""
"journal-article-10.2307_41157418-ngram1.txt",""
"journal-article-10.2307_41157443-ngram1.txt",""
"journal-article-10.2307_41157617-ngram1.txt",""
"journal-article-10.2307_41157630-ngram1.txt",""
"journal-article-10.2307_41158341-ngram1.txt",""
"journal-article-10.2307_23509435-ngram1.txt",""
"journal-article-10.2307_41157611-ngram1.txt",""
"journal-article-10.2307_41157647-ngram1.txt",""
"journal-article-10.2307_41157762-ngram1.txt",""
"journal-article-10.2307_41157885-ngram1.txt",""
"journal-article-10.2307_41157886-ngram1.txt",""
"journal-article-10.2307_23509433-ngram1.txt",""
"journal-article-10.2307_41157535-ngram1.txt",""
"journal-article-10.2307_41157616-ngram1.txt",""
"journal-article-10.2307_41157890-ngram1.txt",""
"journal-article-10.2307_23509430-ngram1.txt",""
"journal-article-10.2307_41157342-ngram1.txt",""
"journal-article-10.2307_41157632-ngram1.txt",""
"journal-article-10.2307_41157662-ngram1.txt",""
"journal-article-10.2307_41157796-ngram1.txt",""
"journal-article-10.2307_23509459-ngram1.txt",""
"journal-article-10.2307_41157251-ngram1.txt",""
"journal-article-10.2307_41157268-ngram1.txt",""
"journal-article-10.2307_41157794-ngram1.txt",""
"journal-article-10.2307_41157875-ngram1.txt",""
"journal-article-10.2307_43485842-ngram1.txt",""
"journal-article-10.2307_41157363-ngram1.txt",""
"journal-article-10.2307_41157683-ngram1.txt",""
"journal-article-10.2307_41157801-ngram1.txt",""
"journal-article-10.2307_41157826-ngram1.txt",""
"journal-article-10.2307_41158094-ngram1.txt",""
"journal-article-10.2307_41158237-ngram1.txt",""
"journal-article-10.2307_41157277-ngram1.txt",""
"journal-article-10.2307_41157421-ngram1.txt",""
"journal-article-10.2307_23317699-ngram1.txt",""
"journal-article-10.2307_23509543-ngram1.txt",""
"journal-article-10.2307_41157716-ngram1.txt",""
"journal-article-10.2307_41158143-ngram1.txt",""
"journal-article-10.2307_41158282-ngram1.txt",""
"journal-article-10.2307_41158321-ngram1.txt",""
"journal-article-10.2307_41158725-ngram1.txt",""
"journal-article-10.2307_41157682-ngram1.txt",""
"journal-article-10.2307_41157976-ngram1.txt",""
"journal-article-10.2307_41158216-ngram1.txt",""
"journal-article-10.2307_41158279-ngram1.txt",""
"journal-article-10.2307_43485864-ngram1.txt",""
"journal-article-10.2307_41157417-ngram1.txt",""
"journal-article-10.2307_41157686-ngram1.txt",""
"journal-article-10.2307_41157728-ngram1.txt",""
"journal-article-10.2307_43485907-ngram1.txt",""
"journal-article-10.2307_23509449-ngram1.txt",""
"journal-article-10.2307_41157425-ngram1.txt",""
"journal-article-10.2307_41157750-ngram1.txt",""
"journal-article-10.2307_41158075-ngram1.txt",""
"journal-article-10.2307_41158261-ngram1.txt",""
"journal-article-10.2307_41158470-ngram1.txt",""
"journal-article-10.2307_44071886-ngram1.txt",""
"journal-article-10.2307_41157563-ngram1.txt",""
"journal-article-10.2307_41157881-ngram1.txt",""
"journal-article-10.2307_41157952-ngram1.txt",""
"journal-article-10.2307_41158340-ngram1.txt",""
"journal-article-10.2307_41157648-ngram1.txt",""
"journal-article-10.2307_41158511-ngram1.txt",""
"journal-article-10.2307_41157383-ngram1.txt",""
"journal-article-10.2307_23509442-ngram1.txt",""
"journal-article-10.2307_41157703-ngram1.txt",""
"journal-article-10.2307_41158226-ngram1.txt",""
"journal-article-10.2307_41158523-ngram1.txt",""
"journal-article-10.2307_41157350-ngram1.txt",""
"journal-article-10.2307_41157745-ngram1.txt",""
"journal-article-10.2307_41157758-ngram1.txt",""
"journal-article-10.2307_41158354-ngram1.txt",""
"journal-article-10.2307_41158458-ngram1.txt",""
"journal-article-10.2307_43485900-ngram1.txt",""
"journal-article-10.2307_23317641-ngram1.txt",""
"journal-article-10.2307_41157693-ngram1.txt",""
"journal-article-10.2307_41158357-ngram1.txt",""
"journal-article-10.2307_41158399-ngram1.txt",""
"journal-article-10.2307_41158517-ngram1.txt",""
"journal-article-10.2307_23509544-ngram1.txt",""
"journal-article-10.2307_41157400-ngram1.txt",""
"journal-article-10.2307_41157609-ngram1.txt",""
"journal-article-10.2307_41157746-ngram1.txt",""
"journal-article-10.2307_41157824-ngram1.txt",""
"journal-article-10.2307_41158080-ngram1.txt",""
"journal-article-10.2307_41158189-ngram1.txt",""
"journal-article-10.2307_41158397-ngram1.txt",""
"journal-article-10.2307_41158415-ngram1.txt",""
"journal-article-10.2307_41158524-ngram1.txt",""
"journal-article-10.2307_41158722-ngram1.txt",""
"journal-article-10.2307_44071881-ngram1.txt",""
"journal-article-10.2307_41157281-ngram1.txt",""
"journal-article-10.2307_41157297-ngram1.txt",""
"journal-article-10.2307_41157337-ngram1.txt",""
"journal-article-10.2307_41157401-ngram1.txt",""
"journal-article-10.2307_41158414-ngram1.txt",""
"journal-article-10.2307_23317636-ngram1.txt",""
"journal-article-10.2307_23317701-ngram1.txt",""
"journal-article-10.2307_23509431-ngram1.txt",""
"journal-article-10.2307_23509432-ngram1.txt",""
"journal-article-10.2307_23509455-ngram1.txt",""
"journal-article-10.2307_41157294-ngram1.txt",""
"journal-article-10.2307_41157361-ngram1.txt",""
"journal-article-10.2307_41157499-ngram1.txt",""
"journal-article-10.2307_41157553-ngram1.txt",""
"journal-article-10.2307_41157752-ngram1.txt",""
"journal-article-10.2307_41158078-ngram1.txt",""
"journal-article-10.2307_41158170-ngram1.txt",""
"journal-article-10.2307_41158376-ngram1.txt",""
"journal-article-10.2307_41158417-ngram1.txt",""
"journal-article-10.2307_23509440-ngram1.txt",""
"journal-article-10.2307_41157263-ngram1.txt",""
"journal-article-10.2307_41157298-ngram1.txt",""
"journal-article-10.2307_41157335-ngram1.txt",""
"journal-article-10.2307_41157973-ngram1.txt",""
"journal-article-10.2307_41157989-ngram1.txt",""
"journal-article-10.2307_41158158-ngram1.txt",""
"journal-article-10.2307_41158195-ngram1.txt",""
"journal-article-10.2307_41158318-ngram1.txt",""
"journal-article-10.2307_41158400-ngram1.txt",""
"journal-article-10.2307_43485908-ngram1.txt",""
"journal-article-10.2307_41157717-ngram1.txt",""
"journal-article-10.2307_41157908-ngram1.txt",""
"journal-article-10.2307_41157924-ngram1.txt",""
"journal-article-10.2307_41157992-ngram1.txt",""
"journal-article-10.2307_41158177-ngram1.txt",""
"journal-article-10.2307_41158330-ngram1.txt",""
"journal-article-10.2307_41158717-ngram1.txt",""
"journal-article-10.2307_43485929-ngram1.txt",""
"journal-article-10.2307_41157442-ngram1.txt",""
"journal-article-10.2307_41157783-ngram1.txt",""
"journal-article-10.2307_41157797-ngram1.txt",""
"journal-article-10.2307_41157967-ngram1.txt",""
"journal-article-10.2307_41158133-ngram1.txt",""
"journal-article-10.2307_41158168-ngram1.txt",""
"journal-article-10.2307_41158294-ngram1.txt",""
"journal-article-10.2307_41158366-ngram1.txt",""
"journal-article-10.2307_41158409-ngram1.txt",""
"journal-article-10.2307_41158460-ngram1.txt",""
"journal-article-10.2307_41157378-ngram1.txt",""
"journal-article-10.2307_41157382-ngram1.txt",""
"journal-article-10.2307_41157546-ngram1.txt",""
"journal-article-10.2307_41158104-ngram1.txt",""
"journal-article-10.2307_41158149-ngram1.txt",""
"journal-article-10.2307_41158198-ngram1.txt",""
"journal-article-10.2307_41158265-ngram1.txt",""
"journal-article-10.2307_41158284-ngram1.txt",""
"journal-article-10.2307_41158441-ngram1.txt",""
"journal-article-10.2307_41158455-ngram1.txt",""
"journal-article-10.2307_23509554-ngram1.txt",""
"journal-article-10.2307_41157238-ngram1.txt",""
"journal-article-10.2307_41157266-ngram1.txt",""
"journal-article-10.2307_41157429-ngram1.txt",""
"journal-article-10.2307_41157536-ngram1.txt",""
"journal-article-10.2307_41157726-ngram1.txt",""
"journal-article-10.2307_41157827-ngram1.txt",""
"journal-article-10.2307_41157836-ngram1.txt",""
"journal-article-10.2307_41157915-ngram1.txt",""
"journal-article-10.2307_41158267-ngram1.txt",""
"journal-article-10.2307_23509551-ngram1.txt",""
"journal-article-10.2307_41157293-ngram1.txt",""
"journal-article-10.2307_41157302-ngram1.txt",""
"journal-article-10.2307_41157873-ngram1.txt",""
"journal-article-10.2307_41157911-ngram1.txt",""
"journal-article-10.2307_41157946-ngram1.txt",""
"journal-article-10.2307_41158135-ngram1.txt",""
"journal-article-10.2307_41158438-ngram1.txt",""
"journal-article-10.2307_43486808-ngram1.txt",""
"journal-article-10.2307_41157235-ngram1.txt",""
"journal-article-10.2307_41157249-ngram1.txt",""
"journal-article-10.2307_41157352-ngram1.txt",""
"journal-article-10.2307_41157469-ngram1.txt",""
"journal-article-10.2307_41157472-ngram1.txt",""
"journal-article-10.2307_41157533-ngram1.txt",""
"journal-article-10.2307_41157667-ngram1.txt",""
"journal-article-10.2307_41157715-ngram1.txt",""
"journal-article-10.2307_41157747-ngram1.txt",""
"journal-article-10.2307_41158110-ngram1.txt",""
"journal-article-10.2307_41158258-ngram1.txt",""
"journal-article-10.2307_43485883-ngram1.txt",""
"journal-article-10.2307_23317694-ngram1.txt",""
"journal-article-10.2307_41157687-ngram1.txt",""
"journal-article-10.2307_41158456-ngram1.txt",""
"journal-article-10.2307_41158495-ngram1.txt",""
"journal-article-10.2307_41157479-ngram1.txt",""
"journal-article-10.2307_41157938-ngram1.txt",""
"journal-article-10.2307_41158134-ngram1.txt",""
"journal-article-10.2307_41158174-ngram1.txt",""
"journal-article-10.2307_43485923-ngram1.txt",""
"journal-article-10.2307_23509467-ngram1.txt",""
"journal-article-10.2307_41157241-ngram1.txt",""
"journal-article-10.2307_41157349-ngram1.txt",""
"journal-article-10.2307_41157487-ngram1.txt",""
"journal-article-10.2307_41157571-ngram1.txt",""
"journal-article-10.2307_41157635-ngram1.txt",""
"journal-article-10.2307_41157657-ngram1.txt",""
"journal-article-10.2307_41157754-ngram1.txt",""
"journal-article-10.2307_41157991-ngram1.txt",""
"journal-article-10.2307_41158375-ngram1.txt",""
"journal-article-10.2307_41158489-ngram1.txt",""
"journal-article-10.2307_43485863-ngram1.txt",""
"journal-article-10.2307_43485917-ngram1.txt",""
"journal-article-10.2307_41157353-ngram1.txt",""
"journal-article-10.2307_41157356-ngram1.txt",""
"journal-article-10.2307_41158502-ngram1.txt",""
"journal-article-10.2307_43485870-ngram1.txt",""
"journal-article-10.2307_41157446-ngram1.txt",""
"journal-article-10.2307_41157988-ngram1.txt",""
"journal-article-10.2307_41158203-ngram1.txt",""
"journal-article-10.2307_41158311-ngram1.txt",""
"journal-article-10.2307_41158454-ngram1.txt",""
"journal-article-10.2307_41158513-ngram1.txt",""
"journal-article-10.2307_41157282-ngram1.txt",""
"journal-article-10.2307_41157336-ngram1.txt",""
"journal-article-10.2307_41157639-ngram1.txt",""
"journal-article-10.2307_41158197-ngram1.txt",""
"journal-article-10.2307_41158264-ngram1.txt",""
"journal-article-10.2307_41158475-ngram1.txt",""
"journal-article-10.2307_41158487-ngram1.txt",""
"journal-article-10.2307_43485921-ngram1.txt",""
"journal-article-10.2307_41157537-ngram1.txt",""
"journal-article-10.2307_41157624-ngram1.txt",""
"journal-article-10.2307_41157723-ngram1.txt",""
"journal-article-10.2307_41158362-ngram1.txt",""
"journal-article-10.2307_41158459-ngram1.txt",""
"journal-article-10.2307_23317707-ngram1.txt",""
"journal-article-10.2307_41157426-ngram1.txt",""
"journal-article-10.2307_41157489-ngram1.txt",""
"journal-article-10.2307_41157660-ngram1.txt",""
"journal-article-10.2307_41157738-ngram1.txt",""
"journal-article-10.2307_41157920-ngram1.txt",""
"journal-article-10.2307_41157979-ngram1.txt",""
"journal-article-10.2307_41158172-ngram1.txt",""
"journal-article-10.2307_41158193-ngram1.txt",""
"journal-article-10.2307_41158462-ngram1.txt",""
"journal-article-10.2307_43485906-ngram1.txt",""
"journal-article-10.2307_41157328-ngram1.txt",""
"journal-article-10.2307_41157341-ngram1.txt",""
"journal-article-10.2307_41157412-ngram1.txt",""
"journal-article-10.2307_41157568-ngram1.txt",""
"journal-article-10.2307_41157572-ngram1.txt",""
"journal-article-10.2307_41157629-ngram1.txt",""
"journal-article-10.2307_41157680-ngram1.txt",""
"journal-article-10.2307_41157690-ngram1.txt",""
"journal-article-10.2307_41158107-ngram1.txt",""
"journal-article-10.2307_41158159-ngram1.txt",""
"journal-article-10.2307_41158522-ngram1.txt",""
"journal-article-10.2307_43486806-ngram1.txt",""
"journal-article-10.2307_23317693-ngram1.txt",""
"journal-article-10.2307_41157323-ngram1.txt",""
"journal-article-10.2307_41157333-ngram1.txt",""
"journal-article-10.2307_41158113-ngram1.txt",""
"journal-article-10.2307_41158164-ngram1.txt",""
"journal-article-10.2307_41158180-ngram1.txt",""
"journal-article-10.2307_41158404-ngram1.txt",""
"journal-article-10.2307_41158510-ngram1.txt",""
"journal-article-10.2307_23317689-ngram1.txt",""
"journal-article-10.2307_23509438-ngram1.txt",""
"journal-article-10.2307_41157287-ngram1.txt",""
"journal-article-10.2307_41157300-ngram1.txt",""
"journal-article-10.2307_41157309-ngram1.txt",""
"journal-article-10.2307_41157961-ngram1.txt",""
"journal-article-10.2307_41158240-ngram1.txt",""
"journal-article-10.2307_41158345-ngram1.txt",""
"journal-article-10.2307_41157261-ngram1.txt",""
"journal-article-10.2307_41157311-ngram1.txt",""
"journal-article-10.2307_41157465-ngram1.txt",""
"journal-article-10.2307_41157645-ngram1.txt",""
"journal-article-10.2307_41157914-ngram1.txt",""
"journal-article-10.2307_23317642-ngram1.txt",""
"journal-article-10.2307_23509555-ngram1.txt",""
"journal-article-10.2307_41157248-ngram1.txt",""
"journal-article-10.2307_41157391-ngram1.txt",""
"journal-article-10.2307_41157501-ngram1.txt",""
"journal-article-10.2307_41157605-ngram1.txt",""
"journal-article-10.2307_41157654-ngram1.txt",""
"journal-article-10.2307_41158192-ngram1.txt",""
"journal-article-10.2307_41158287-ngram1.txt",""
"journal-article-10.2307_41158290-ngram1.txt",""
"journal-article-10.2307_23317639-ngram1.txt",""
"journal-article-10.2307_23509468-ngram1.txt",""
"journal-article-10.2307_41157334-ngram1.txt",""
"journal-article-10.2307_41157732-ngram1.txt",""
"journal-article-10.2307_41157896-ngram1.txt",""
"journal-article-10.2307_41158084-ngram1.txt",""
"journal-article-10.2307_41158123-ngram1.txt",""
"journal-article-10.2307_41158167-ngram1.txt",""
"journal-article-10.2307_23509462-ngram1.txt",""
"journal-article-10.2307_41157258-ngram1.txt",""
"journal-article-10.2307_41157379-ngram1.txt",""
"journal-article-10.2307_41157464-ngram1.txt",""
"journal-article-10.2307_41157483-ngram1.txt",""
"journal-article-10.2307_41157534-ngram1.txt",""
"journal-article-10.2307_41157729-ngram1.txt",""
"journal-article-10.2307_41157957-ngram1.txt",""
"journal-article-10.2307_41157960-ngram1.txt",""
"journal-article-10.2307_41158100-ngram1.txt",""
"journal-article-10.2307_41158121-ngram1.txt",""
"journal-article-10.2307_41158342-ngram1.txt",""
"journal-article-10.2307_41158707-ngram1.txt",""
"journal-article-10.2307_43485876-ngram1.txt",""
"journal-article-10.2307_43485916-ngram1.txt",""
"journal-article-10.2307_43486792-ngram1.txt",""
"journal-article-10.2307_44071846-ngram1.txt",""
"journal-article-10.2307_44071880-ngram1.txt",""
"journal-article-10.2307_23509439-ngram1.txt",""
"journal-article-10.2307_23509454-ngram1.txt",""
"journal-article-10.2307_23509549-ngram1.txt",""
"journal-article-10.2307_41157295-ngram1.txt",""
"journal-article-10.2307_41157386-ngram1.txt",""
"journal-article-10.2307_41157551-ngram1.txt",""
"journal-article-10.2307_41157627-ngram1.txt",""
"journal-article-10.2307_41157802-ngram1.txt",""
"journal-article-10.2307_41157909-ngram1.txt",""
"journal-article-10.2307_41158130-ngram1.txt",""
"journal-article-10.2307_41158269-ngram1.txt",""
"journal-article-10.2307_41158276-ngram1.txt",""
"journal-article-10.2307_41158433-ngram1.txt",""
"journal-article-10.2307_41158476-ngram1.txt",""
"journal-article-10.2307_41158733-ngram1.txt",""
"journal-article-10.2307_23317634-ngram1.txt",""
"journal-article-10.2307_23317697-ngram1.txt",""
"journal-article-10.2307_23509464-ngram1.txt",""
"journal-article-10.2307_23509552-ngram1.txt",""
"journal-article-10.2307_41157325-ngram1.txt",""
"journal-article-10.2307_41157355-ngram1.txt",""
"journal-article-10.2307_41157420-ngram1.txt",""
"journal-article-10.2307_41157423-ngram1.txt",""
"journal-article-10.2307_41157485-ngram1.txt",""
"journal-article-10.2307_41157673-ngram1.txt",""
"journal-article-10.2307_41157678-ngram1.txt",""
"journal-article-10.2307_41157691-ngram1.txt",""
"journal-article-10.2307_41157781-ngram1.txt",""
"journal-article-10.2307_41157895-ngram1.txt",""
"journal-article-10.2307_41158227-ngram1.txt",""
"journal-article-10.2307_41158293-ngram1.txt",""
"journal-article-10.2307_43485884-ngram1.txt",""
"journal-article-10.2307_23317677-ngram1.txt",""
"journal-article-10.2307_23509426-ngram1.txt",""
"journal-article-10.2307_23509542-ngram1.txt",""
"journal-article-10.2307_41157234-ngram1.txt",""
"journal-article-10.2307_41157288-ngram1.txt",""
"journal-article-10.2307_41157447-ngram1.txt",""
"journal-article-10.2307_41157493-ngram1.txt",""
"journal-article-10.2307_41157557-ngram1.txt",""
"journal-article-10.2307_41157575-ngram1.txt",""
"journal-article-10.2307_41157904-ngram1.txt",""
"journal-article-10.2307_41158166-ngram1.txt",""
"journal-article-10.2307_41158328-ngram1.txt",""
"journal-article-10.2307_41158429-ngram1.txt",""
"journal-article-10.2307_41158439-ngram1.txt",""
"journal-article-10.2307_43485856-ngram1.txt",""
"journal-article-10.2307_43485896-ngram1.txt",""
"journal-article-10.2307_43486802-ngram1.txt",""
"journal-article-10.2307_23317690-ngram1.txt",""
"journal-article-10.2307_23509463-ngram1.txt",""
"journal-article-10.2307_41157414-ngram1.txt",""
"journal-article-10.2307_41157416-ngram1.txt",""
"journal-article-10.2307_41157451-ngram1.txt",""
"journal-article-10.2307_41157484-ngram1.txt",""
"journal-article-10.2307_41157543-ngram1.txt",""
"journal-article-10.2307_41157548-ngram1.txt",""
"journal-article-10.2307_41157714-ngram1.txt",""
"journal-article-10.2307_41157800-ngram1.txt",""
"journal-article-10.2307_41157927-ngram1.txt",""
"journal-article-10.2307_41158081-ngram1.txt",""
"journal-article-10.2307_41158146-ngram1.txt",""
"journal-article-10.2307_41158194-ngram1.txt",""
"journal-article-10.2307_41158257-ngram1.txt",""
"journal-article-10.2307_41158514-ngram1.txt",""
"journal-article-10.2307_41158521-ngram1.txt",""
"journal-article-10.2307_43485865-ngram1.txt",""
"journal-article-10.2307_43485889-ngram1.txt",""
"journal-article-10.2307_23317651-ngram1.txt",""
"journal-article-10.2307_41157296-ngram1.txt",""
"journal-article-10.2307_41157360-ngram1.txt",""
"journal-article-10.2307_41157384-ngram1.txt",""
"journal-article-10.2307_41157488-ngram1.txt",""
"journal-article-10.2307_41157539-ngram1.txt",""
"journal-article-10.2307_41157601-ngram1.txt",""
"journal-article-10.2307_41157834-ngram1.txt",""
"journal-article-10.2307_41158377-ngram1.txt",""
"journal-article-10.2307_43485837-ngram1.txt",""
"journal-article-10.2307_43485866-ngram1.txt",""
"journal-article-10.2307_43485873-ngram1.txt",""
"journal-article-10.2307_44071889-ngram1.txt",""
"journal-article-10.2307_41157250-ngram1.txt",""
"journal-article-10.2307_41157366-ngram1.txt",""
"journal-article-10.2307_41157393-ngram1.txt",""
"journal-article-10.2307_41157555-ngram1.txt",""
"journal-article-10.2307_41157720-ngram1.txt",""
"journal-article-10.2307_41157724-ngram1.txt",""
"journal-article-10.2307_41157730-ngram1.txt",""
"journal-article-10.2307_41157742-ngram1.txt",""
"journal-article-10.2307_41157905-ngram1.txt",""
"journal-article-10.2307_41158086-ngram1.txt",""
"journal-article-10.2307_41158190-ngram1.txt",""
"journal-article-10.2307_41158506-ngram1.txt",""
"journal-article-10.2307_41158704-ngram1.txt",""
"journal-article-10.2307_41158734-ngram1.txt",""
"journal-article-10.2307_43485886-ngram1.txt",""
"journal-article-10.2307_43485891-ngram1.txt",""
"journal-article-10.2307_43485902-ngram1.txt",""
"journal-article-10.2307_43485931-ngram1.txt",""
"journal-article-10.2307_41157231-ngram1.txt",""
"journal-article-10.2307_41157291-ngram1.txt",""
"journal-article-10.2307_41157310-ngram1.txt",""
"journal-article-10.2307_41157347-ngram1.txt",""
"journal-article-10.2307_41157448-ngram1.txt",""
"journal-article-10.2307_41157482-ngram1.txt",""
"journal-article-10.2307_41157694-ngram1.txt",""
"journal-article-10.2307_41157789-ngram1.txt",""
"journal-article-10.2307_41157835-ngram1.txt",""
"journal-article-10.2307_41157913-ngram1.txt",""
"journal-article-10.2307_41158112-ngram1.txt",""
"journal-article-10.2307_41158160-ngram1.txt",""
"journal-article-10.2307_41158250-ngram1.txt",""
"journal-article-10.2307_41158271-ngram1.txt",""
"journal-article-10.2307_41158296-ngram1.txt",""
"journal-article-10.2307_41158349-ngram1.txt",""
"journal-article-10.2307_41158408-ngram1.txt",""
"journal-article-10.2307_41158424-ngram1.txt",""
"journal-article-10.2307_41158444-ngram1.txt",""
"journal-article-10.2307_41158464-ngram1.txt",""
"journal-article-10.2307_41158478-ngram1.txt",""
"journal-article-10.2307_41158493-ngram1.txt",""
"journal-article-10.2307_41158728-ngram1.txt",""
"journal-article-10.2307_41157260-ngram1.txt",""
"journal-article-10.2307_41157455-ngram1.txt",""
"journal-article-10.2307_41157474-ngram1.txt",""
"journal-article-10.2307_41157705-ngram1.txt",""
"journal-article-10.2307_41157741-ngram1.txt",""
"journal-article-10.2307_41157888-ngram1.txt",""
"journal-article-10.2307_41157932-ngram1.txt",""
"journal-article-10.2307_41157945-ngram1.txt",""
"journal-article-10.2307_41158148-ngram1.txt",""
"journal-article-10.2307_41158206-ngram1.txt",""
"journal-article-10.2307_41158232-ngram1.txt",""
"journal-article-10.2307_41158299-ngram1.txt",""
"journal-article-10.2307_41158436-ngram1.txt",""
"journal-article-10.2307_41158499-ngram1.txt",""
"journal-article-10.2307_41158713-ngram1.txt",""
"journal-article-10.2307_41158730-ngram1.txt",""
"journal-article-10.2307_43485926-ngram1.txt",""
"journal-article-10.2307_44071847-ngram1.txt",""
"journal-article-10.2307_23509445-ngram1.txt",""
"journal-article-10.2307_41157256-ngram1.txt",""
"journal-article-10.2307_41157385-ngram1.txt",""
"journal-article-10.2307_41157407-ngram1.txt",""
"journal-article-10.2307_41157433-ngram1.txt",""
"journal-article-10.2307_41157494-ngram1.txt",""
"journal-article-10.2307_41157531-ngram1.txt",""
"journal-article-10.2307_41157749-ngram1.txt",""
"journal-article-10.2307_41157941-ngram1.txt",""
"journal-article-10.2307_41157990-ngram1.txt",""
"journal-article-10.2307_41158136-ngram1.txt",""
"journal-article-10.2307_41158153-ngram1.txt",""
"journal-article-10.2307_41158209-ngram1.txt",""
"journal-article-10.2307_41158278-ngram1.txt",""
"journal-article-10.2307_41158281-ngram1.txt",""
"journal-article-10.2307_41158301-ngram1.txt",""
"journal-article-10.2307_41158315-ngram1.txt",""
"journal-article-10.2307_41158316-ngram1.txt",""
"journal-article-10.2307_41158338-ngram1.txt",""
"journal-article-10.2307_41158420-ngram1.txt",""
"journal-article-10.2307_23509559-ngram1.txt",""
"journal-article-10.2307_41157253-ngram1.txt",""
"journal-article-10.2307_41157389-ngram1.txt",""
"journal-article-10.2307_41157405-ngram1.txt",""
"journal-article-10.2307_41157449-ngram1.txt",""
"journal-article-10.2307_41157608-ngram1.txt",""
"journal-article-10.2307_41157623-ngram1.txt",""
"journal-article-10.2307_41157642-ngram1.txt",""
"journal-article-10.2307_41157697-ngram1.txt",""
"journal-article-10.2307_41157725-ngram1.txt",""
"journal-article-10.2307_41157744-ngram1.txt",""
"journal-article-10.2307_41157768-ngram1.txt",""
"journal-article-10.2307_41157769-ngram1.txt",""
"journal-article-10.2307_41157779-ngram1.txt",""
"journal-article-10.2307_41157962-ngram1.txt",""
"journal-article-10.2307_41158274-ngram1.txt",""
"journal-article-10.2307_41158300-ngram1.txt",""
"journal-article-10.2307_41158308-ngram1.txt",""
"journal-article-10.2307_41158353-ngram1.txt",""
"journal-article-10.2307_41158369-ngram1.txt",""
"journal-article-10.2307_41158378-ngram1.txt",""
"journal-article-10.2307_41158384-ngram1.txt",""
"journal-article-10.2307_41158395-ngram1.txt",""
"journal-article-10.2307_43485892-ngram1.txt",""
"journal-article-10.2307_43485911-ngram1.txt",""
"journal-article-10.2307_41157240-ngram1.txt",""
"journal-article-10.2307_41157390-ngram1.txt",""
"journal-article-10.2307_41157453-ngram1.txt",""
"journal-article-10.2307_41157490-ngram1.txt",""
"journal-article-10.2307_41157500-ngram1.txt",""
"journal-article-10.2307_41157549-ngram1.txt",""
"journal-article-10.2307_41157612-ngram1.txt",""
"journal-article-10.2307_41157655-ngram1.txt",""
"journal-article-10.2307_41157867-ngram1.txt",""
"journal-article-10.2307_41157982-ngram1.txt",""
"journal-article-10.2307_41158165-ngram1.txt",""
"journal-article-10.2307_41158186-ngram1.txt",""
"journal-article-10.2307_41158204-ngram1.txt",""
"journal-article-10.2307_41158213-ngram1.txt",""
"journal-article-10.2307_41158233-ngram1.txt",""
"journal-article-10.2307_41158246-ngram1.txt",""
"journal-article-10.2307_41158253-ngram1.txt",""
"journal-article-10.2307_41158298-ngram1.txt",""
"journal-article-10.2307_41158457-ngram1.txt",""
"journal-article-10.2307_23509550-ngram1.txt",""
"journal-article-10.2307_41157312-ngram1.txt",""
"journal-article-10.2307_41157475-ngram1.txt",""
"journal-article-10.2307_41157496-ngram1.txt",""
"journal-article-10.2307_41157614-ngram1.txt",""
"journal-article-10.2307_41157710-ngram1.txt",""
"journal-article-10.2307_41157722-ngram1.txt",""
"journal-article-10.2307_41157765-ngram1.txt",""
"journal-article-10.2307_41157838-ngram1.txt",""
"journal-article-10.2307_41157903-ngram1.txt",""
"journal-article-10.2307_41158090-ngram1.txt",""
"journal-article-10.2307_41158176-ngram1.txt",""
"journal-article-10.2307_41158306-ngram1.txt",""
"journal-article-10.2307_41158363-ngram1.txt",""
"journal-article-10.2307_23317646-ngram1.txt",""
"journal-article-10.2307_23317708-ngram1.txt",""
"journal-article-10.2307_41157233-ngram1.txt",""
"journal-article-10.2307_41157252-ngram1.txt",""
"journal-article-10.2307_41157319-ngram1.txt",""
"journal-article-10.2307_41157619-ngram1.txt",""
"journal-article-10.2307_41157658-ngram1.txt",""
"journal-article-10.2307_41158082-ngram1.txt",""
"journal-article-10.2307_41158309-ngram1.txt",""
"journal-article-10.2307_41158380-ngram1.txt",""
"journal-article-10.2307_43485855-ngram1.txt",""
"journal-article-10.2307_41157275-ngram1.txt",""
"journal-article-10.2307_41157290-ngram1.txt",""
"journal-article-10.2307_41157415-ngram1.txt",""
"journal-article-10.2307_41157462-ngram1.txt",""
"journal-article-10.2307_41157466-ngram1.txt",""
"journal-article-10.2307_41157491-ngram1.txt",""
"journal-article-10.2307_41157638-ngram1.txt",""
"journal-article-10.2307_41157652-ngram1.txt",""
"journal-article-10.2307_41157787-ngram1.txt",""
"journal-article-10.2307_41157821-ngram1.txt",""
"journal-article-10.2307_41157907-ngram1.txt",""
"journal-article-10.2307_41157926-ngram1.txt",""
"journal-article-10.2307_41157986-ngram1.txt",""
"journal-article-10.2307_41158069-ngram1.txt",""
"journal-article-10.2307_41158364-ngram1.txt",""
"journal-article-10.2307_41158374-ngram1.txt",""
"journal-article-10.2307_41158432-ngram1.txt",""
"journal-article-10.2307_41158474-ngram1.txt",""
"journal-article-10.2307_41158736-ngram1.txt",""
"journal-article-10.2307_41158737-ngram1.txt",""
"journal-article-10.2307_43485905-ngram1.txt",""
"journal-article-10.2307_44071853-ngram1.txt",""
"journal-article-10.2307_41157371-ngram1.txt",""
"journal-article-10.2307_41157394-ngram1.txt",""
"journal-article-10.2307_41157430-ngram1.txt",""
"journal-article-10.2307_41157737-ngram1.txt",""
"journal-article-10.2307_41157831-ngram1.txt",""
"journal-article-10.2307_41157899-ngram1.txt",""
"journal-article-10.2307_41157918-ngram1.txt",""
"journal-article-10.2307_41158106-ngram1.txt",""
"journal-article-10.2307_41158221-ngram1.txt",""
"journal-article-10.2307_41158418-ngram1.txt",""
"journal-article-10.2307_41158430-ngram1.txt",""
"journal-article-10.2307_41158726-ngram1.txt",""
"journal-article-10.2307_43485885-ngram1.txt",""
"journal-article-10.2307_43485924-ngram1.txt",""
"journal-article-10.2307_43485925-ngram1.txt",""
"journal-article-10.2307_23317687-ngram1.txt",""
"journal-article-10.2307_23317691-ngram1.txt",""
"journal-article-10.2307_23509441-ngram1.txt",""
"journal-article-10.2307_23509458-ngram1.txt",""
"journal-article-10.2307_41157243-ngram1.txt",""
"journal-article-10.2307_41157244-ngram1.txt",""
"journal-article-10.2307_41157286-ngram1.txt",""
"journal-article-10.2307_41157544-ngram1.txt",""
"journal-article-10.2307_41157712-ngram1.txt",""
"journal-article-10.2307_41157755-ngram1.txt",""
"journal-article-10.2307_41157766-ngram1.txt",""
"journal-article-10.2307_41157778-ngram1.txt",""
"journal-article-10.2307_41157868-ngram1.txt",""
"journal-article-10.2307_41158101-ngram1.txt",""
"journal-article-10.2307_41158210-ngram1.txt",""
"journal-article-10.2307_41158225-ngram1.txt",""
"journal-article-10.2307_41158505-ngram1.txt",""
"journal-article-10.2307_41158519-ngram1.txt",""
"journal-article-10.2307_43485875-ngram1.txt",""
"journal-article-10.2307_44071855-ngram1.txt",""
"journal-article-10.2307_23317644-ngram1.txt",""
"journal-article-10.2307_23317686-ngram1.txt",""
"journal-article-10.2307_23317692-ngram1.txt",""
"journal-article-10.2307_41157307-ngram1.txt",""
"journal-article-10.2307_41157374-ngram1.txt",""
"journal-article-10.2307_41157495-ngram1.txt",""
"journal-article-10.2307_41157502-ngram1.txt",""
"journal-article-10.2307_41157545-ngram1.txt",""
"journal-article-10.2307_41157570-ngram1.txt",""
"journal-article-10.2307_41157735-ngram1.txt",""
"journal-article-10.2307_41157739-ngram1.txt",""
"journal-article-10.2307_41157828-ngram1.txt",""
"journal-article-10.2307_41157965-ngram1.txt",""
"journal-article-10.2307_41157987-ngram1.txt",""
"journal-article-10.2307_41157994-ngram1.txt",""
"journal-article-10.2307_41158088-ngram1.txt",""
"journal-article-10.2307_41158111-ngram1.txt",""
"journal-article-10.2307_41158145-ngram1.txt",""
"journal-article-10.2307_41158381-ngram1.txt",""
"journal-article-10.2307_41158422-ngram1.txt",""
"journal-article-10.2307_41158473-ngram1.txt",""
"journal-article-10.2307_41158709-ngram1.txt",""
"journal-article-10.2307_41158731-ngram1.txt",""
"journal-article-10.2307_41157272-ngram1.txt",""
"journal-article-10.2307_41157273-ngram1.txt",""
"journal-article-10.2307_41157357-ngram1.txt",""
"journal-article-10.2307_41157377-ngram1.txt",""
"journal-article-10.2307_41157392-ngram1.txt",""
"journal-article-10.2307_41157404-ngram1.txt",""
"journal-article-10.2307_41157406-ngram1.txt",""
"journal-article-10.2307_41157492-ngram1.txt",""
"journal-article-10.2307_41157542-ngram1.txt",""
"journal-article-10.2307_41157578-ngram1.txt",""
"journal-article-10.2307_41157620-ngram1.txt",""
"journal-article-10.2307_41157641-ngram1.txt",""
"journal-article-10.2307_41157804-ngram1.txt",""
"journal-article-10.2307_41157830-ngram1.txt",""
"journal-article-10.2307_41157877-ngram1.txt",""
"journal-article-10.2307_41157917-ngram1.txt",""
"journal-article-10.2307_41158083-ngram1.txt",""
"journal-article-10.2307_41158099-ngram1.txt",""
"journal-article-10.2307_41158105-ngram1.txt",""
"journal-article-10.2307_41158132-ngram1.txt",""
"journal-article-10.2307_41158156-ngram1.txt",""
"journal-article-10.2307_41158251-ngram1.txt",""
"journal-article-10.2307_41158326-ngram1.txt",""
"journal-article-10.2307_41158421-ngram1.txt",""
"journal-article-10.2307_44071854-ngram1.txt",""
"journal-article-10.2307_23317710-ngram1.txt",""
"journal-article-10.2307_41157313-ngram1.txt",""
"journal-article-10.2307_41157324-ngram1.txt",""
"journal-article-10.2307_41157622-ngram1.txt",""
"journal-article-10.2307_41157677-ngram1.txt",""
"journal-article-10.2307_41157763-ngram1.txt",""
"journal-article-10.2307_41157764-ngram1.txt",""
"journal-article-10.2307_41157767-ngram1.txt",""
"journal-article-10.2307_41157887-ngram1.txt",""
"journal-article-10.2307_41157939-ngram1.txt",""
"journal-article-10.2307_41158077-ngram1.txt",""
"journal-article-10.2307_41158211-ngram1.txt",""
"journal-article-10.2307_41158222-ngram1.txt",""
"journal-article-10.2307_41158266-ngram1.txt",""
"journal-article-10.2307_41158347-ngram1.txt",""
"journal-article-10.2307_41158407-ngram1.txt",""
"journal-article-10.2307_41158461-ngram1.txt",""
"journal-article-10.2307_41158491-ngram1.txt",""
"journal-article-10.2307_41158714-ngram1.txt",""
"journal-article-10.2307_41158732-ngram1.txt",""
"journal-article-10.2307_43485871-ngram1.txt",""
"journal-article-10.2307_23317684-ngram1.txt",""
"journal-article-10.2307_23317709-ngram1.txt",""
"journal-article-10.2307_41157278-ngram1.txt",""
"journal-article-10.2307_41157454-ngram1.txt",""
"journal-article-10.2307_41157463-ngram1.txt",""
"journal-article-10.2307_41157676-ngram1.txt",""
"journal-article-10.2307_41157756-ngram1.txt",""
"journal-article-10.2307_41157782-ngram1.txt",""
"journal-article-10.2307_41157884-ngram1.txt",""
"journal-article-10.2307_41157906-ngram1.txt",""
"journal-article-10.2307_41157959-ngram1.txt",""
"journal-article-10.2307_41157966-ngram1.txt",""
"journal-article-10.2307_41157980-ngram1.txt",""
"journal-article-10.2307_41158102-ngram1.txt",""
"journal-article-10.2307_41158142-ngram1.txt",""
"journal-article-10.2307_41158242-ngram1.txt",""
"journal-article-10.2307_41158270-ngram1.txt",""
"journal-article-10.2307_41158329-ngram1.txt",""
"journal-article-10.2307_41158501-ngram1.txt",""
"journal-article-10.2307_23317649-ngram1.txt",""
"journal-article-10.2307_23317705-ngram1.txt",""
"journal-article-10.2307_23509557-ngram1.txt",""
"journal-article-10.2307_41157242-ngram1.txt",""
"journal-article-10.2307_41157280-ngram1.txt",""
"journal-article-10.2307_41157413-ngram1.txt",""
"journal-article-10.2307_41157556-ngram1.txt",""
"journal-article-10.2307_41157569-ngram1.txt",""
"journal-article-10.2307_41157696-ngram1.txt",""
"journal-article-10.2307_41157698-ngram1.txt",""
"journal-article-10.2307_41157719-ngram1.txt",""
"journal-article-10.2307_41157753-ngram1.txt",""
"journal-article-10.2307_41157902-ngram1.txt",""
"journal-article-10.2307_41157985-ngram1.txt",""
"journal-article-10.2307_41158089-ngram1.txt",""
"journal-article-10.2307_41158103-ngram1.txt",""
"journal-article-10.2307_41158129-ngram1.txt",""
"journal-article-10.2307_41158212-ngram1.txt",""
"journal-article-10.2307_41158245-ngram1.txt",""
"journal-article-10.2307_41158252-ngram1.txt",""
"journal-article-10.2307_41158280-ngram1.txt",""
"journal-article-10.2307_41158443-ngram1.txt",""
"journal-article-10.2307_41158486-ngram1.txt",""
"journal-article-10.2307_41158490-ngram1.txt",""
"journal-article-10.2307_43485903-ngram1.txt",""
"journal-article-10.2307_43485912-ngram1.txt",""
"journal-article-10.2307_23509444-ngram1.txt",""
"journal-article-10.2307_41157279-ngram1.txt",""
"journal-article-10.2307_41157467-ngram1.txt",""
"journal-article-10.2307_41157640-ngram1.txt",""
"journal-article-10.2307_41157651-ngram1.txt",""
"journal-article-10.2307_41157707-ngram1.txt",""
"journal-article-10.2307_41157709-ngram1.txt",""
"journal-article-10.2307_41157832-ngram1.txt",""
"journal-article-10.2307_41157963-ngram1.txt",""
"journal-article-10.2307_41158140-ngram1.txt",""
"journal-article-10.2307_41158144-ngram1.txt",""
"journal-article-10.2307_41158147-ngram1.txt",""
"journal-article-10.2307_41158220-ngram1.txt",""
"journal-article-10.2307_41158224-ngram1.txt",""
"journal-article-10.2307_41158241-ngram1.txt",""
"journal-article-10.2307_41158292-ngram1.txt",""
"journal-article-10.2307_41158365-ngram1.txt",""
"journal-article-10.2307_41158440-ngram1.txt",""
"journal-article-10.2307_41158472-ngram1.txt",""
"journal-article-10.2307_41158477-ngram1.txt",""
"journal-article-10.2307_41158516-ngram1.txt",""
"journal-article-10.2307_41158525-ngram1.txt",""
"journal-article-10.2307_43485852-ngram1.txt",""
"journal-article-10.2307_43485853-ngram1.txt",""
"journal-article-10.2307_43485869-ngram1.txt",""
"journal-article-10.2307_23317706-ngram1.txt",""
"journal-article-10.2307_23509453-ngram1.txt",""
"journal-article-10.2307_23509465-ngram1.txt",""
"journal-article-10.2307_41157284-ngram1.txt",""
"journal-article-10.2307_41157365-ngram1.txt",""
"journal-article-10.2307_41157411-ngram1.txt",""
"journal-article-10.2307_41157419-ngram1.txt",""
"journal-article-10.2307_41157445-ngram1.txt",""
"journal-article-10.2307_41157498-ngram1.txt",""
"journal-article-10.2307_41157615-ngram1.txt",""
"journal-article-10.2307_41157636-ngram1.txt",""
"journal-article-10.2307_41157672-ngram1.txt",""
"journal-article-10.2307_41157743-ngram1.txt",""
"journal-article-10.2307_41157829-ngram1.txt",""
"journal-article-10.2307_41157880-ngram1.txt",""
"journal-article-10.2307_41157916-ngram1.txt",""
"journal-article-10.2307_41157925-ngram1.txt",""
"journal-article-10.2307_41157942-ngram1.txt",""
"journal-article-10.2307_41157978-ngram1.txt",""
"journal-article-10.2307_41158076-ngram1.txt",""
"journal-article-10.2307_41158178-ngram1.txt",""
"journal-article-10.2307_41158256-ngram1.txt",""
"journal-article-10.2307_41158277-ngram1.txt",""
"journal-article-10.2307_41158368-ngram1.txt",""
"journal-article-10.2307_41158406-ngram1.txt",""
"journal-article-10.2307_41158434-ngram1.txt",""
"journal-article-10.2307_41158520-ngram1.txt",""
"journal-article-10.2307_43485848-ngram1.txt",""
"journal-article-10.2307_43485850-ngram1.txt",""
"journal-article-10.2307_43485872-ngram1.txt",""
"journal-article-10.2307_23317648-ngram1.txt",""
"journal-article-10.2307_23317696-ngram1.txt",""
"journal-article-10.2307_23317713-ngram1.txt",""
"journal-article-10.2307_23509466-ngram1.txt",""
"journal-article-10.2307_41157321-ngram1.txt",""
"journal-article-10.2307_41157346-ngram1.txt",""
"journal-article-10.2307_41157364-ngram1.txt",""
"journal-article-10.2307_41157554-ngram1.txt",""
"journal-article-10.2307_41157653-ngram1.txt",""
"journal-article-10.2307_41157659-ngram1.txt",""
"journal-article-10.2307_41157786-ngram1.txt",""
"journal-article-10.2307_41157897-ngram1.txt",""
"journal-article-10.2307_41158087-ngram1.txt",""
"journal-article-10.2307_41158139-ngram1.txt",""
"journal-article-10.2307_41158188-ngram1.txt",""
"journal-article-10.2307_41158255-ngram1.txt",""
"journal-article-10.2307_41158295-ngram1.txt",""
"journal-article-10.2307_41158307-ngram1.txt",""
"journal-article-10.2307_41158423-ngram1.txt",""
"journal-article-10.2307_41158463-ngram1.txt",""
"journal-article-10.2307_41158498-ngram1.txt",""
"journal-article-10.2307_43486812-ngram1.txt",""
"journal-article-10.2307_23317698-ngram1.txt",""
"journal-article-10.2307_23509452-ngram1.txt",""
"journal-article-10.2307_41157257-ngram1.txt",""
"journal-article-10.2307_41157358-ngram1.txt",""
"journal-article-10.2307_41157388-ngram1.txt",""
"journal-article-10.2307_41157574-ngram1.txt",""
"journal-article-10.2307_41157577-ngram1.txt",""
"journal-article-10.2307_41157784-ngram1.txt",""
"journal-article-10.2307_41157799-ngram1.txt",""
"journal-article-10.2307_41157803-ngram1.txt",""
"journal-article-10.2307_41157833-ngram1.txt",""
"journal-article-10.2307_41157900-ngram1.txt",""
"journal-article-10.2307_41157944-ngram1.txt",""
"journal-article-10.2307_41158124-ngram1.txt",""
"journal-article-10.2307_41158127-ngram1.txt",""
"journal-article-10.2307_41158173-ngram1.txt",""
"journal-article-10.2307_41158179-ngram1.txt",""
"journal-article-10.2307_41158185-ngram1.txt",""
"journal-article-10.2307_41158230-ngram1.txt",""
"journal-article-10.2307_41158247-ngram1.txt",""
"journal-article-10.2307_41158254-ngram1.txt",""
"journal-article-10.2307_41158323-ngram1.txt",""
"journal-article-10.2307_41158348-ngram1.txt",""
"journal-article-10.2307_41158383-ngram1.txt",""
"journal-article-10.2307_41158437-ngram1.txt",""
"journal-article-10.2307_41158503-ngram1.txt",""
"journal-article-10.2307_41158729-ngram1.txt",""
"journal-article-10.2307_41158735-ngram1.txt",""
"journal-article-10.2307_43485867-ngram1.txt",""
"journal-article-10.2307_43485910-ngram1.txt",""
"journal-article-10.2307_44071857-ngram1.txt",""
"journal-article-10.2307_23509561-ngram1.txt",""
"journal-article-10.2307_41157613-ngram1.txt",""
"journal-article-10.2307_41157674-ngram1.txt",""
"journal-article-10.2307_41157718-ngram1.txt",""
"journal-article-10.2307_41157760-ngram1.txt",""
"journal-article-10.2307_41157761-ngram1.txt",""
"journal-article-10.2307_41157788-ngram1.txt",""
"journal-article-10.2307_41157805-ngram1.txt",""
"journal-article-10.2307_41157878-ngram1.txt",""
"journal-article-10.2307_41157923-ngram1.txt",""
"journal-article-10.2307_41158131-ngram1.txt",""
"journal-article-10.2307_41158157-ngram1.txt",""
"journal-article-10.2307_41158268-ngram1.txt",""
"journal-article-10.2307_41158272-ngram1.txt",""
"journal-article-10.2307_41158310-ngram1.txt",""
"journal-article-10.2307_41158324-ngram1.txt",""
"journal-article-10.2307_41158350-ngram1.txt",""
"journal-article-10.2307_41158352-ngram1.txt",""
"journal-article-10.2307_41158416-ngram1.txt",""
"journal-article-10.2307_41158488-ngram1.txt",""
"journal-article-10.2307_41158492-ngram1.txt",""
"journal-article-10.2307_43485887-ngram1.txt",""
"journal-article-10.2307_43485915-ngram1.txt",""
"journal-article-10.2307_43486800-ngram1.txt",""
"journal-article-10.2307_43486813-ngram1.txt",""
"journal-article-10.2307_23317647-ngram1.txt",""
"journal-article-10.2307_23317652-ngram1.txt",""
"journal-article-10.2307_23317695-ngram1.txt",""
"journal-article-10.2307_23317704-ngram1.txt",""
"journal-article-10.2307_41157271-ngram1.txt",""
"journal-article-10.2307_41157292-ngram1.txt",""
"journal-article-10.2307_41157409-ngram1.txt",""
"journal-article-10.2307_41157473-ngram1.txt",""
"journal-article-10.2307_41157573-ngram1.txt",""
"journal-article-10.2307_41157670-ngram1.txt",""
"journal-article-10.2307_41157713-ngram1.txt",""
"journal-article-10.2307_41157883-ngram1.txt",""
"journal-article-10.2307_41157919-ngram1.txt",""
"journal-article-10.2307_41157921-ngram1.txt",""
"journal-article-10.2307_41157933-ngram1.txt",""
"journal-article-10.2307_41157934-ngram1.txt",""
"journal-article-10.2307_41157935-ngram1.txt",""
"journal-article-10.2307_41157977-ngram1.txt",""
"journal-article-10.2307_41158108-ngram1.txt",""
"journal-article-10.2307_41158109-ngram1.txt",""
"journal-article-10.2307_41158126-ngram1.txt",""
"journal-article-10.2307_41158141-ngram1.txt",""
"journal-article-10.2307_41158248-ngram1.txt",""
"journal-article-10.2307_41158275-ngram1.txt",""
"journal-article-10.2307_41158314-ngram1.txt",""
"journal-article-10.2307_41158351-ngram1.txt",""
"journal-article-10.2307_41158360-ngram1.txt",""
"journal-article-10.2307_41158361-ngram1.txt",""
"journal-article-10.2307_41158405-ngram1.txt",""
"journal-article-10.2307_41158712-ngram1.txt",""
"journal-article-10.2307_43485904-ngram1.txt",""
"journal-article-10.2307_43485913-ngram1.txt",""
"journal-article-10.2307_43485914-ngram1.txt",""
"journal-article-10.2307_41157239-ngram1.txt",""
"journal-article-10.2307_41157285-ngram1.txt",""
"journal-article-10.2307_41157432-ngram1.txt",""
"journal-article-10.2307_41157452-ngram1.txt",""
"journal-article-10.2307_41157486-ngram1.txt",""
"journal-article-10.2307_41157576-ngram1.txt",""
"journal-article-10.2307_41157656-ngram1.txt",""
"journal-article-10.2307_41157671-ngram1.txt",""
"journal-article-10.2307_41157692-ngram1.txt",""
"journal-article-10.2307_41157711-ngram1.txt",""
"journal-article-10.2307_41157721-ngram1.txt",""
"journal-article-10.2307_41157975-ngram1.txt",""
"journal-article-10.2307_41158079-ngram1.txt",""
"journal-article-10.2307_41158187-ngram1.txt",""
"journal-article-10.2307_41158244-ngram1.txt",""
"journal-article-10.2307_41158327-ngram1.txt",""
"journal-article-10.2307_41158401-ngram1.txt",""
"journal-article-10.2307_41158500-ngram1.txt",""
"journal-article-10.2307_43485849-ngram1.txt",""
"journal-article-10.2307_44071856-ngram1.txt",""
"journal-article-10.2307_44071858-ngram1.txt",""
"journal-article-10.2307_23509469-ngram1.txt",""
"journal-article-10.2307_41157255-ngram1.txt",""
"journal-article-10.2307_41157274-ngram1.txt",""
"journal-article-10.2307_41157283-ngram1.txt",""
"journal-article-10.2307_41157315-ngram1.txt",""
"journal-article-10.2307_41157387-ngram1.txt",""
"journal-article-10.2307_41157497-ngram1.txt",""
"journal-article-10.2307_41157541-ngram1.txt",""
"journal-article-10.2307_41157736-ngram1.txt",""
"journal-article-10.2307_41157898-ngram1.txt",""
"journal-article-10.2307_41157940-ngram1.txt",""
"journal-article-10.2307_41157974-ngram1.txt",""
"journal-article-10.2307_41157981-ngram1.txt",""
"journal-article-10.2307_41158151-ngram1.txt",""
"journal-article-10.2307_41158154-ngram1.txt",""
"journal-article-10.2307_41158155-ngram1.txt",""
"journal-article-10.2307_41158191-ngram1.txt",""
"journal-article-10.2307_41158202-ngram1.txt",""
"journal-article-10.2307_41158223-ngram1.txt",""
"journal-article-10.2307_41158273-ngram1.txt",""
"journal-article-10.2307_41158325-ngram1.txt",""
"journal-article-10.2307_41158346-ngram1.txt",""
"journal-article-10.2307_41158394-ngram1.txt",""
"journal-article-10.2307_41158453-ngram1.txt",""
"journal-article-10.2307_41158515-ngram1.txt",""
"journal-article-10.2307_41158518-ngram1.txt",""
"journal-article-10.2307_43485851-ngram1.txt",""
"journal-article-10.2307_43485854-ngram1.txt",""
"journal-article-10.2307_43485874-ngram1.txt",""
"journal-article-10.2307_43485895-ngram1.txt",""
"journal-article-10.2307_23317643-ngram1.txt",""
"journal-article-10.2307_23317685-ngram1.txt",""
"journal-article-10.2307_23317712-ngram1.txt",""
"journal-article-10.2307_23509470-ngram1.txt",""
"journal-article-10.2307_23509553-ngram1.txt",""
"journal-article-10.2307_23509558-ngram1.txt",""
"journal-article-10.2307_41157259-ngram1.txt",""
"journal-article-10.2307_41157276-ngram1.txt",""
"journal-article-10.2307_41157375-ngram1.txt",""
"journal-article-10.2307_41157380-ngram1.txt",""
"journal-article-10.2307_41157381-ngram1.txt",""
"journal-article-10.2307_41157471-ngram1.txt",""
"journal-article-10.2307_41157637-ngram1.txt",""
"journal-article-10.2307_41157798-ngram1.txt",""
"journal-article-10.2307_41158228-ngram1.txt",""
"journal-article-10.2307_41158243-ngram1.txt",""
"journal-article-10.2307_41158402-ngram1.txt",""
"journal-article-10.2307_41158706-ngram1.txt",""
"journal-article-10.2307_41158716-ngram1.txt",""
"journal-article-10.2307_43485847-ngram1.txt",""
"journal-article-10.2307_43485868-ngram1.txt",""
"journal-article-10.2307_43485890-ngram1.txt",""
"journal-article-10.2307_43485894-ngram1.txt",""
"journal-article-10.2307_44071888-ngram1.txt",""
"journal-article-10.2307_23317645-ngram1.txt",""
"journal-article-10.2307_23509471-ngram1.txt",""
"journal-article-10.2307_23509560-ngram1.txt",""
"journal-article-10.2307_41157232-ngram1.txt",""
"journal-article-10.2307_41157289-ngram1.txt",""
"journal-article-10.2307_41157468-ngram1.txt",""
"journal-article-10.2307_41157964-ngram1.txt",""
"journal-article-10.2307_41158122-ngram1.txt",""
"journal-article-10.2307_41158128-ngram1.txt",""
"journal-article-10.2307_41158219-ngram1.txt",""
"journal-article-10.2307_41158403-ngram1.txt",""
"journal-article-10.2307_41158705-ngram1.txt",""
"journal-article-10.2307_23317688-ngram1.txt",""
"journal-article-10.2307_23509556-ngram1.txt",""
"journal-article-10.2307_41157246-ngram1.txt",""
"journal-article-10.2307_41157316-ngram1.txt",""
"journal-article-10.2307_41157322-ngram1.txt",""
"journal-article-10.2307_41157444-ngram1.txt",""
"journal-article-10.2307_41157552-ngram1.txt",""
"journal-article-10.2307_41157675-ngram1.txt",""
"journal-article-10.2307_41157780-ngram1.txt",""
"journal-article-10.2307_41157882-ngram1.txt",""
"journal-article-10.2307_41157901-ngram1.txt",""
"journal-article-10.2307_41157936-ngram1.txt",""
"journal-article-10.2307_41157955-ngram1.txt",""
"journal-article-10.2307_41158152-ngram1.txt",""
"journal-article-10.2307_41158201-ngram1.txt",""
"journal-article-10.2307_41158291-ngram1.txt",""
"journal-article-10.2307_41158419-ngram1.txt",""
"journal-article-10.2307_41158431-ngram1.txt",""
"journal-article-10.2307_41158708-ngram1.txt",""
"journal-article-10.2307_41158711-ngram1.txt",""
"journal-article-10.2307_41158715-ngram1.txt",""
"journal-article-10.2307_43485930-ngram1.txt",""
"journal-article-10.2307_23317653-ngram1.txt",""
"journal-article-10.2307_41157305-ngram1.txt",""
"journal-article-10.2307_41157410-ngram1.txt",""
"journal-article-10.2307_41157618-ngram1.txt",""
"journal-article-10.2307_41157689-ngram1.txt",""
"journal-article-10.2307_41157876-ngram1.txt",""
"journal-article-10.2307_41157983-ngram1.txt",""
"journal-article-10.2307_41158097-ngram1.txt",""
"journal-article-10.2307_41158138-ngram1.txt",""
"journal-article-10.2307_41158150-ngram1.txt",""
"journal-article-10.2307_41158175-ngram1.txt",""
"journal-article-10.2307_41158205-ngram1.txt",""
"journal-article-10.2307_41158218-ngram1.txt",""
"journal-article-10.2307_41158229-ngram1.txt",""
"journal-article-10.2307_41158249-ngram1.txt",""
"journal-article-10.2307_41158379-ngram1.txt",""
"journal-article-10.2307_41158435-ngram1.txt",""
"journal-article-10.2307_41158471-ngram1.txt",""
"journal-article-10.2307_41158710-ngram1.txt",""
"journal-article-10.2307_43485909-ngram1.txt",""
"journal-article-10.2307_43485927-ngram1.txt",""
"journal-article-10.2307_43485928-ngram1.txt",""
"journal-article-10.2307_23509437-ngram1.txt",""
"journal-article-10.2307_41157245-ngram1.txt",""
"journal-article-10.2307_41157320-ngram1.txt",""
"journal-article-10.2307_41157343-ngram1.txt",""
"journal-article-10.2307_41157344-ngram1.txt",""
"journal-article-10.2307_41157359-ngram1.txt",""
"journal-article-10.2307_41157740-ngram1.txt",""
"journal-article-10.2307_41157958-ngram1.txt",""
"journal-article-10.2307_41158098-ngram1.txt",""
"journal-article-10.2307_43486793-ngram1.txt",""
"journal-article-10.2307_43486801-ngram1.txt",""
"journal-article-10.2307_41157303-ngram1.txt",""
"journal-article-10.2307_41157308-ngram1.txt",""
"journal-article-10.2307_41157317-ngram1.txt",""
"journal-article-10.2307_41157403-ngram1.txt",""
"journal-article-10.2307_41157428-ngram1.txt",""
"journal-article-10.2307_41157441-ngram1.txt",""
"journal-article-10.2307_41157459-ngram1.txt",""
"journal-article-10.2307_41157481-ngram1.txt",""
"journal-article-10.2307_41157669-ngram1.txt",""
"journal-article-10.2307_41157759-ngram1.txt",""
"journal-article-10.2307_41158208-ngram1.txt",""
"journal-article-10.2307_41158367-ngram1.txt",""
"journal-article-10.2307_23317703-ngram1.txt",""
"journal-article-10.2307_41157318-ngram1.txt",""
"journal-article-10.2307_41157540-ngram1.txt",""
"journal-article-10.2307_41157550-ngram1.txt",""
"journal-article-10.2307_41157567-ngram1.txt",""
"journal-article-10.2307_41157610-ngram1.txt",""
"journal-article-10.2307_41157634-ngram1.txt",""
"journal-article-10.2307_41157650-ngram1.txt",""
"journal-article-10.2307_41157706-ngram1.txt",""
"journal-article-10.2307_41157734-ngram1.txt",""
"journal-article-10.2307_41157751-ngram1.txt",""
"journal-article-10.2307_41157777-ngram1.txt",""
"journal-article-10.2307_41157953-ngram1.txt",""
"journal-article-10.2307_41158207-ngram1.txt",""
"journal-article-10.2307_41157661-ngram1.txt",""
"journal-article-10.2307_41157984-ngram1.txt",""
"journal-article-10.2307_41157304-ngram1.txt",""
"journal-article-10.2307_41157376-ngram1.txt",""
"journal-article-10.2307_41157262-ngram1.txt",""
"journal-article-10.2307_41157306-ngram1.txt",""
"journal-article-10.2307_41157326-ngram1.txt",""
"journal-article-10.2307_41157460-ngram1.txt",""
"journal-article-10.2307_41157954-ngram1.txt",""
